City_ID,City,Lat,Lng,Max Temp,Humidity,Cloudiness,Wind Speed,Country,Date
0,Kapaa,22.08,-159.32,82.4,74,20,11.41,US,2020-08-25 03:43:51
1,Vaini,-21.2,-175.2,78.8,78,20,8.05,TO,2020-08-25 03:44:48
2,Bluff,-46.6,168.33,45.0,71,62,15.99,NZ,2020-08-25 03:44:48
3,Mandan,46.83,-100.89,73.4,83,75,9.17,US,2020-08-25 03:44:48
4,Tuktoyaktuk,69.45,-133.04,53.6,87,20,8.05,CA,2020-08-25 03:44:48
5,Hilo,19.73,-155.09,82.4,65,75,5.82,US,2020-08-25 03:44:48
6,Raudeberg,61.99,5.14,50.0,89,100,13.89,NO,2020-08-25 03:44:48
7,Sydney,-33.87,151.21,62.01,58,20,9.17,AU,2020-08-25 03:40:29
8,Ust-Nera,64.57,143.2,53.51,41,32,6.87,RU,2020-08-25 03:44:48
9,Nagato,34.38,131.2,93.2,66,40,19.46,JP,2020-08-25 03:44:48
10,Salalah,17.02,54.09,75.2,100,90,8.05,OM,2020-08-25 03:43:06
11,Busselton,-33.65,115.33,66.99,45,54,5.39,AU,2020-08-25 03:44:48
12,Tiksi,71.69,128.87,40.8,72,17,14.61,RU,2020-08-25 03:44:48
13,Butaritari,3.07,172.79,82.15,70,100,7.92,KI,2020-08-25 03:44:48
14,Ribeira Grande,38.52,-28.7,73.65,92,54,13.27,PT,2020-08-25 03:44:49
15,Dikson,73.51,80.55,48.25,88,99,5.77,RU,2020-08-25 03:44:49
16,Kavaratti,10.57,72.64,82.4,74,20,9.17,IN,2020-08-25 03:44:49
17,Dubreka,9.79,-13.52,74.68,94,100,4.05,GN,2020-08-25 03:44:49
18,Bredasdorp,-34.53,20.04,50.0,93,100,5.82,ZA,2020-08-25 03:44:49
19,Qaanaaq,77.48,-69.36,33.8,91,100,7.34,GL,2020-08-25 03:44:49
20,Washington,47.5,-120.5,78.8,31,1,14.99,US,2020-08-25 03:39:52
21,Tautira,-17.73,-149.15,82.4,65,20,9.17,PF,2020-08-25 03:44:49
22,Boyolangu,-8.12,111.89,84.67,60,27,9.57,ID,2020-08-25 03:44:49
23,Mitchell,43.71,-98.03,82.4,65,1,11.41,US,2020-08-25 03:44:49
24,Saint-Francois,46.42,3.91,50.0,93,70,3.36,FR,2020-08-25 03:44:49
25,Amahai,-3.33,128.92,80.42,78,52,14.52,ID,2020-08-25 03:44:49
26,Cherskiy,68.75,161.3,39.85,94,100,3.83,RU,2020-08-25 03:44:49
27,Jamestown,42.1,-79.24,73.99,78,40,4.7,US,2020-08-25 03:44:49
28,Nanortalik,60.14,-45.24,42.64,86,82,8.03,GL,2020-08-25 03:44:49
29,Richards Bay,-28.78,32.04,61.32,84,34,5.68,ZA,2020-08-25 03:44:49
30,Mayo,38.89,-76.51,80.01,83,1,6.93,US,2020-08-25 03:44:49
31,Rio Cuarto,-33.13,-64.35,64.4,48,66,14.99,AR,2020-08-25 03:44:49
32,Lorengau,-2.02,147.27,81.91,81,72,10.6,PG,2020-08-25 03:44:49
33,Khatanga,71.97,102.5,66.88,53,36,7.16,RU,2020-08-25 03:44:49
34,Hobart,-42.88,147.33,55.0,54,40,13.87,AU,2020-08-25 03:44:45
35,Port Alfred,-33.59,26.89,62.15,88,100,17.56,ZA,2020-08-25 03:44:49
36,Hirado,33.36,129.55,95.0,53,40,10.29,JP,2020-08-25 03:44:49
37,Wewak,-3.55,143.63,85.21,64,82,6.26,PG,2020-08-25 03:44:50
38,Mataura,-46.19,168.86,45.0,71,75,15.99,NZ,2020-08-25 03:44:50
39,Kenai,60.55,-151.26,62.6,55,90,6.93,US,2020-08-25 03:44:28
40,Ushuaia,-54.8,-68.3,32.0,90,40,4.59,AR,2020-08-25 03:44:50
41,Egvekinot,66.32,-179.17,51.33,77,76,2.53,RU,2020-08-25 03:44:50
42,Puerto Ayora,-0.74,-90.35,64.99,89,72,9.78,EC,2020-08-25 03:44:50
43,Cape Town,-33.93,18.42,48.2,93,98,5.82,ZA,2020-08-25 03:42:06
44,Lebork,54.54,17.75,57.99,87,100,8.05,PL,2020-08-25 03:44:50
45,Newton,42.34,-71.21,77.0,100,2,10.29,US,2020-08-25 03:40:17
46,Barrow,71.29,-156.79,44.6,81,90,4.7,US,2020-08-25 03:44:50
47,Khipro,25.83,69.38,84.87,71,100,14.67,PK,2020-08-25 03:44:50
48,Tasiilaq,65.61,-37.64,37.4,87,16,2.84,GL,2020-08-25 03:44:50
49,Vasudevanallur,9.23,77.42,86.61,55,100,0.45,IN,2020-08-25 03:44:50
50,Salinopolis,-0.61,-47.36,77.77,84,7,7.81,BR,2020-08-25 03:44:50
51,Rikitea,-23.12,-134.97,71.71,89,0,10.4,PF,2020-08-25 03:44:50
52,Jalu,29.03,21.55,73.33,60,0,5.55,LY,2020-08-25 03:44:50
53,Senno,59.53,33.92,53.01,94,12,6.33,RU,2020-08-25 03:44:50
54,Shahrud,36.42,54.98,61.9,58,72,14.5,IR,2020-08-25 03:44:50
55,Cayenne,4.93,-52.33,75.2,100,3,7.81,GF,2020-08-25 03:44:50
56,Hermanus,-34.42,19.23,48.0,92,100,6.51,ZA,2020-08-25 03:44:50
57,Airai,-8.93,125.41,74.16,40,0,8.01,TL,2020-08-25 03:44:50
58,Albany,42.6,-73.97,73.0,89,1,4.16,US,2020-08-25 03:41:59
59,New Norfolk,-42.78,147.06,55.0,75,67,4.0,AU,2020-08-25 03:44:50
60,Saskylakh,71.92,114.08,58.91,48,94,15.3,RU,2020-08-25 03:44:50
61,Norman Wells,65.28,-126.83,64.4,63,40,4.7,CA,2020-08-25 03:44:50
62,Kashima,33.11,130.09,95.0,75,20,5.82,JP,2020-08-25 03:44:50
63,Tateyama,34.98,139.87,87.01,70,20,12.75,JP,2020-08-25 03:44:50
64,Ilulissat,69.22,-51.1,39.2,93,88,0.78,GL,2020-08-25 03:44:50
65,Pangody,65.85,74.49,50.97,94,100,9.26,RU,2020-08-25 03:44:50
66,Gumdag,39.21,54.59,73.53,41,0,7.18,TM,2020-08-25 03:44:50
67,Taoudenni,22.68,-3.98,97.21,25,92,12.24,ML,2020-08-25 03:44:50
68,Chuy,-33.7,-53.46,56.97,89,49,11.27,UY,2020-08-25 03:44:50
69,Road Town,18.42,-64.62,80.01,90,24,8.99,VG,2020-08-25 03:44:51
70,Srednekolymsk,67.45,153.68,41.58,78,100,9.93,RU,2020-08-25 03:44:51
71,Avera,33.19,-82.53,75.2,95,90,8.05,US,2020-08-25 03:44:51
72,Nuuk,64.18,-51.72,42.8,87,68,6.93,GL,2020-08-25 03:44:51
73,La Ronge,55.1,-105.28,55.4,87,40,6.93,CA,2020-08-25 03:44:51
74,Port Elizabeth,-33.92,25.57,60.8,93,90,12.75,ZA,2020-08-25 03:43:25
75,Castro,-24.79,-50.01,47.5,95,41,9.48,BR,2020-08-25 03:44:51
76,Severo-Kurilsk,50.68,156.12,56.52,74,27,2.93,RU,2020-08-25 03:44:51
77,Rupert,42.62,-113.68,77.0,41,1,21.92,US,2020-08-25 03:44:51
78,Kodiak,57.79,-152.41,64.4,48,1,13.87,US,2020-08-25 03:44:51
79,Bosaso,11.28,49.18,91.13,41,27,17.72,SO,2020-08-25 03:44:51
80,Bambous Virieux,-20.34,57.76,70.0,73,75,11.41,MU,2020-08-25 03:44:51
81,Mangochi,-14.48,35.26,66.31,71,24,2.64,MW,2020-08-25 03:44:51
82,Punta Arenas,-53.15,-70.92,32.0,86,0,9.17,CL,2020-08-25 03:44:51
83,Kavieng,-2.57,150.8,83.84,67,9,7.34,PG,2020-08-25 03:44:51
84,Pacific Grove,36.62,-121.92,64.4,82,90,4.7,US,2020-08-25 03:42:00
85,Laguna,38.42,-121.42,84.2,42,1,8.05,US,2020-08-25 03:44:51
86,Arman,59.7,150.17,54.7,51,0,6.4,RU,2020-08-25 03:44:51
87,La Carolina,38.28,-3.62,75.0,53,0,0.83,ES,2020-08-25 03:44:51
88,Seydi,39.48,62.91,71.35,46,93,9.04,TM,2020-08-25 03:44:51
89,Pinkafeld,47.37,16.12,60.01,89,64,4.7,AT,2020-08-25 03:44:51
90,Umm Kaddadah,13.6,26.69,78.37,68,93,5.68,SD,2020-08-25 03:44:51
91,Honiara,-9.43,159.95,87.8,66,20,9.17,SB,2020-08-25 03:44:51
92,Victoria,22.29,114.16,93.0,59,1,11.01,HK,2020-08-25 03:43:15
93,Kilindoni,-7.91,39.67,75.52,82,55,9.28,TZ,2020-08-25 03:44:52
94,Thompson,55.74,-97.86,50.0,81,90,6.93,CA,2020-08-25 03:44:52
95,Katesh,-4.52,35.38,53.8,93,64,7.76,TZ,2020-08-25 03:44:52
96,Iqaluit,63.75,-68.51,44.6,75,75,12.75,CA,2020-08-25 03:44:52
97,Ensenada,31.87,-116.62,73.0,90,18,1.99,MX,2020-08-25 03:44:52
98,Monchegorsk,67.94,32.87,54.01,80,98,3.2,RU,2020-08-25 03:44:52
99,Nikolskoye,59.7,30.79,55.4,87,20,6.71,RU,2020-08-25 03:44:52
100,Ndjole,-0.18,10.76,73.62,81,100,3.44,GA,2020-08-25 03:44:52
101,Kaka,37.35,59.61,75.9,36,4,13.04,TM,2020-08-25 03:44:52
102,Marshall,34.38,-86.33,77.0,83,75,4.7,US,2020-08-25 03:44:52
103,Marienburg,54.04,19.03,57.99,100,98,9.15,PL,2020-08-25 03:44:52
104,Isangel,-19.55,169.27,78.8,83,75,9.17,VU,2020-08-25 03:44:52
105,Atuona,-9.8,-139.03,78.46,76,12,14.23,PF,2020-08-25 03:44:52
106,Avarua,-21.21,-159.78,75.2,69,64,12.75,CK,2020-08-25 03:44:52
107,Cartagena,10.4,-75.51,80.85,82,100,7.0,CO,2020-08-25 03:44:42
108,Iracoubo,5.48,-53.2,78.55,86,2,8.16,GF,2020-08-25 03:44:52
109,Lebu,-37.62,-73.65,52.07,89,84,20.33,CL,2020-08-25 03:44:52
110,Biak,-0.91,122.88,81.41,71,25,10.09,ID,2020-08-25 03:44:52
111,Cuicatlan,17.8,-96.97,71.08,75,100,2.08,MX,2020-08-25 03:44:52
112,Dunedin,-45.87,170.5,46.0,75,62,4.0,NZ,2020-08-25 03:44:52
113,Lakes Entrance,-37.88,147.98,57.0,64,74,1.99,AU,2020-08-25 03:44:52
114,Karasjok,69.47,25.51,48.2,81,99,17.22,NO,2020-08-25 03:44:52
115,San Luis,-33.3,-66.34,58.08,50,96,0.47,AR,2020-08-25 03:43:50
116,Tazovskiy,67.47,78.7,53.06,94,99,10.36,RU,2020-08-25 03:44:52
117,Pangnirtung,66.15,-65.71,44.98,84,100,2.62,CA,2020-08-25 03:44:52
118,Flinders,-34.58,150.86,57.99,66,55,5.39,AU,2020-08-25 03:44:52
119,Geraldton,-28.77,114.6,66.2,68,0,8.05,AU,2020-08-25 03:44:53
120,Petropavlovsk-Kamchatskiy,53.05,158.65,66.2,48,53,11.18,RU,2020-08-25 03:44:53
121,Bundaberg,-24.85,152.35,75.0,25,0,5.82,AU,2020-08-25 03:44:53
122,Kruisfontein,-34.0,24.73,55.99,89,100,1.99,ZA,2020-08-25 03:44:53
123,Khuzdar,27.74,66.64,82.22,53,96,1.61,PK,2020-08-25 03:44:08
124,Bethel,41.37,-73.41,73.99,83,1,3.36,US,2020-08-25 03:44:53
125,Westerly,41.38,-71.83,75.0,94,90,4.7,US,2020-08-25 03:44:53
126,West Bay,19.37,-81.42,82.0,87,100,1.01,KY,2020-08-25 03:44:53
127,Houma,29.6,-90.72,79.0,88,75,10.29,US,2020-08-25 03:44:53
128,Portland,45.52,-122.68,71.01,66,11,7.56,US,2020-08-25 03:43:13
129,Williams Lake,52.14,-122.14,57.2,58,40,5.82,CA,2020-08-25 03:44:53
130,Ponta Do Sol,32.67,-17.1,71.6,73,20,16.11,PT,2020-08-25 03:44:53
131,Tuatapere,-46.13,167.68,45.0,71,95,15.99,NZ,2020-08-25 03:44:53
132,Carnarvon,-24.87,113.63,69.8,60,0,18.34,AU,2020-08-25 03:41:00
133,San Cristobal,7.77,-72.22,65.34,90,99,2.48,VE,2020-08-25 03:43:39
134,Ikom,5.97,8.71,69.06,97,99,1.41,NG,2020-08-25 03:44:53
135,Arraial Do Cabo,-22.97,-42.03,66.25,69,18,12.75,BR,2020-08-25 03:44:53
136,Esperance,-33.87,121.9,60.8,77,54,6.93,AU,2020-08-25 03:44:53
137,Upernavik,72.79,-56.15,42.76,88,100,2.8,GL,2020-08-25 03:44:53
138,Yarim,14.3,44.38,62.67,68,72,2.33,YE,2020-08-25 03:44:53
139,Doha,25.29,51.53,93.2,56,64,10.29,QA,2020-08-25 03:44:54
140,Provideniya,64.38,-173.3,55.4,76,75,8.95,RU,2020-08-25 03:44:54
141,Nome,64.5,-165.41,55.4,76,90,8.05,US,2020-08-25 03:44:54
142,Chokurdakh,70.63,147.92,44.29,60,73,6.04,RU,2020-08-25 03:44:54
143,Pisco,-13.7,-76.22,62.01,87,11,16.11,PE,2020-08-25 03:44:54
144,Santa Marta,11.24,-74.2,80.51,78,100,7.29,CO,2020-08-25 03:44:54
145,Bardsir,29.92,56.57,73.4,31,0,4.7,IR,2020-08-25 03:44:54
146,Sarankhola,22.31,89.79,86.36,77,100,8.12,BD,2020-08-25 03:44:54
147,Broken Hill,-31.95,141.43,57.2,41,0,6.93,AU,2020-08-25 03:44:54
148,Narsaq,60.92,-46.05,42.8,81,24,1.12,GL,2020-08-25 03:44:54
149,Ulundi,-28.34,31.42,56.01,87,43,1.63,ZA,2020-08-25 03:44:54
150,Crailsheim,49.13,10.07,50.0,93,22,3.91,DE,2020-08-25 03:44:54
151,Pangoa,-12.12,-73.0,70.12,77,81,1.9,PE,2020-08-25 03:44:54
152,Lata,40.16,-8.33,64.99,100,75,3.36,PT,2020-08-25 03:44:54
153,Grenfell,-33.9,148.17,49.14,64,79,8.86,AU,2020-08-25 03:44:54
154,Hualmay,-11.1,-77.61,59.36,84,9,10.38,PE,2020-08-25 03:44:54
155,Zhigansk,66.77,123.37,54.66,41,0,4.54,RU,2020-08-25 03:44:54
156,Maniitsoq,65.42,-52.9,43.99,81,60,3.83,GL,2020-08-25 03:44:54
157,Matata,-37.88,176.75,60.01,69,100,4.0,NZ,2020-08-25 03:44:54
158,Pevek,69.7,170.31,37.99,97,100,4.34,RU,2020-08-25 03:44:54
159,Ayan,56.45,138.17,55.87,87,100,10.71,RU,2020-08-25 03:44:55
160,Hithadhoo,-0.6,73.08,83.39,65,92,1.66,MV,2020-08-25 03:44:55
161,Mahebourg,-20.41,57.7,69.8,73,75,11.41,MU,2020-08-25 03:44:55
162,San Andres,12.58,-81.7,80.6,88,75,4.7,CO,2020-08-25 03:44:55
163,Jimma,7.67,36.83,57.74,90,96,1.72,ET,2020-08-25 03:44:55
164,Gold Coast,-28.0,153.43,70.0,49,40,11.41,AU,2020-08-25 03:41:28
165,Kyabram,-36.32,145.05,57.0,40,23,7.47,AU,2020-08-25 03:44:55
166,Nizwa,22.93,57.53,87.64,52,100,4.16,OM,2020-08-25 03:44:09
167,Noshiro,40.2,140.02,86.0,62,75,2.24,JP,2020-08-25 03:44:55
168,Bhalwal,32.27,72.9,91.65,53,3,6.22,PK,2020-08-25 03:44:55
169,Agua Preta,-8.71,-35.53,64.0,87,0,3.13,BR,2020-08-25 03:44:55
170,Sao Joao Da Barra,-21.64,-41.05,63.63,78,2,12.3,BR,2020-08-25 03:44:55
171,Sinnamary,5.38,-52.95,78.24,87,1,7.49,GF,2020-08-25 03:44:55
172,Saint-Joseph,-21.37,55.62,68.0,56,18,5.82,RE,2020-08-25 03:44:56
173,Lichtenburg,-26.15,26.16,53.55,41,0,8.52,ZA,2020-08-25 03:44:56
174,Ostrovnoy,68.05,39.51,55.18,76,14,10.8,RU,2020-08-25 03:44:56
175,Babusnica,43.06,22.41,62.01,93,56,2.15,RS,2020-08-25 03:44:56
176,Anju,39.62,125.66,75.54,96,100,4.5,KP,2020-08-25 03:44:56
177,Saint Anthony,45.02,-93.22,79.0,65,90,4.7,US,2020-08-25 03:44:56
178,Los Llanos De Aridane,28.66,-17.92,75.0,73,20,14.99,ES,2020-08-25 03:44:56
179,Fortuna,40.6,-124.16,57.0,100,90,5.82,US,2020-08-25 03:44:56
180,Springville,40.17,-111.61,82.4,34,40,4.7,US,2020-08-25 03:44:56
181,Gigmoto,13.78,124.39,90.39,61,58,9.73,PH,2020-08-25 03:44:56
182,Roma,43.21,-75.46,71.6,78,1,3.29,US,2020-08-25 03:41:51
183,Bloomfield,40.81,-74.19,81.0,65,1,8.01,US,2020-08-25 03:44:56
184,Hami,42.8,93.45,92.59,13,12,4.36,CN,2020-08-25 03:44:56
185,Waxahachie,32.39,-96.85,82.99,57,1,7.47,US,2020-08-25 03:43:39
186,Morro Bay,35.37,-120.85,70.0,90,9,2.42,US,2020-08-25 03:44:56
187,Imbituba,-28.24,-48.67,57.2,93,4,4.7,BR,2020-08-25 03:44:56
188,Shingu,33.73,135.98,87.8,74,20,10.29,JP,2020-08-25 03:44:56
189,Newport,51.59,-3.0,61.0,97,100,4.0,GB,2020-08-25 03:41:10
190,Lashio,22.93,97.75,71.17,99,100,1.66,MM,2020-08-25 03:44:57
191,Baker City,44.77,-117.83,64.99,68,1,4.7,US,2020-08-25 03:44:57
192,Birao,10.28,22.79,69.67,95,100,4.18,CF,2020-08-25 03:44:57
193,Chigorodo,7.67,-76.68,74.39,93,100,3.44,CO,2020-08-25 03:44:57
194,Malpura,26.28,75.38,79.03,85,98,12.75,IN,2020-08-25 03:44:57
195,Krasnopavlivka,49.14,36.33,64.49,50,0,4.03,UA,2020-08-25 03:44:57
196,Comodoro Rivadavia,-45.87,-67.5,39.2,86,90,9.17,AR,2020-08-25 03:44:57
197,Arlit,18.74,7.39,90.3,43,59,9.44,NE,2020-08-25 03:44:57
198,Ancud,-41.87,-73.82,42.01,93,75,6.93,CL,2020-08-25 03:44:57
199,Tucuma,-0.18,-50.05,75.85,92,36,7.61,BR,2020-08-25 03:44:57
200,Aklavik,68.22,-135.01,66.2,55,20,5.82,CA,2020-08-25 03:44:57
201,Vila Velha,-20.33,-40.29,64.4,82,75,16.11,BR,2020-08-25 03:44:57
202,Yarada,17.65,83.27,84.2,94,90,4.7,IN,2020-08-25 03:44:15
203,Saiha,22.48,92.97,82.22,69,95,3.53,IN,2020-08-25 03:44:57
204,Cabo San Lucas,22.89,-109.91,82.99,82,0,7.25,MX,2020-08-25 03:44:57
205,Georgetown,5.41,100.34,89.6,70,20,3.36,MY,2020-08-25 03:44:07
206,Tura,25.52,90.22,85.75,72,54,4.43,IN,2020-08-25 03:44:57
207,Cidreira,-30.18,-50.21,61.9,77,51,22.3,BR,2020-08-25 03:44:57
208,Komsomolskiy,40.43,71.72,80.6,30,4,2.24,UZ,2020-08-25 03:44:57
209,Saint Pete Beach,27.73,-82.74,82.0,1,29,1.99,US,2020-08-25 03:44:57
210,Jacareacanga,-6.22,-57.75,75.81,47,71,2.73,BR,2020-08-25 03:44:58
211,Rio Grande,-32.03,-52.1,57.99,92,86,1.99,BR,2020-08-25 03:43:54
212,Mar Del Plata,-38.0,-57.56,53.6,93,90,5.82,AR,2020-08-25 03:44:58
213,San Quintin,30.48,-115.95,72.75,85,8,12.68,MX,2020-08-25 03:44:58
214,Murray Bridge,-35.12,139.27,55.0,69,0,3.42,AU,2020-08-25 03:44:58
215,Bosobolo,4.18,19.9,70.11,97,100,2.68,CD,2020-08-25 03:44:58
216,Kyra,49.58,111.98,65.08,56,81,4.94,RU,2020-08-25 03:44:58
217,Kaitangata,-46.28,169.85,42.01,63,30,10.0,NZ,2020-08-25 03:44:58
218,East London,-33.02,27.91,60.8,93,20,6.93,ZA,2020-08-25 03:44:58
219,Taltal,-25.4,-70.48,50.56,71,0,0.74,CL,2020-08-25 03:44:58
220,Cururupu,-1.83,-44.87,72.52,96,1,2.19,BR,2020-08-25 03:44:58
221,Shibetsu,43.66,145.13,68.0,88,75,4.7,JP,2020-08-25 03:44:58
222,Vao,-22.67,167.48,69.19,65,0,13.13,NC,2020-08-25 03:44:58
223,Lock Haven,41.14,-77.45,73.0,97,2,3.47,US,2020-08-25 03:44:58
224,Lahij,13.17,44.58,85.89,57,15,5.48,YE,2020-08-25 03:44:58
225,Miri,4.41,114.01,89.6,66,40,6.93,MY,2020-08-25 03:40:18
226,Yellowknife,62.46,-114.35,55.4,82,75,10.29,CA,2020-08-25 03:44:58
227,Shakawe,-18.37,21.85,56.43,43,0,5.3,BW,2020-08-25 03:44:58
228,Olafsvik,64.89,-23.71,47.84,81,0,2.98,IS,2020-08-25 03:44:58
229,Ugoofaaru,5.67,73.0,83.34,72,59,11.03,MV,2020-08-25 03:44:58
230,Satun,6.83,100.0,87.8,78,40,3.36,TH,2020-08-25 03:44:58
231,Marsh Harbour,26.54,-77.06,83.71,83,59,13.67,BS,2020-08-25 03:44:58
232,Caravelas,-17.71,-39.25,66.2,83,0,8.97,BR,2020-08-25 03:44:58
233,Klaksvik,62.23,-6.59,39.2,100,74,1.12,FO,2020-08-25 03:44:59
234,Yumen,40.28,97.2,89.78,12,0,10.11,CN,2020-08-25 03:44:59
235,Makakilo City,21.35,-158.09,87.8,45,1,6.93,US,2020-08-25 03:44:59
236,Chicacao,14.53,-91.32,70.0,96,98,0.83,GT,2020-08-25 03:44:59
237,Makinsk,52.63,70.42,57.36,72,0,11.88,KZ,2020-08-25 03:44:59
238,Sauda,59.65,6.35,50.0,97,87,1.99,NO,2020-08-25 03:44:59
239,Bonavista,48.65,-53.11,55.99,84,37,3.0,CA,2020-08-25 03:44:59
240,Ahipara,-35.17,173.17,58.39,72,10,18.5,NZ,2020-08-25 03:44:59
241,Evensk,61.95,159.23,52.86,44,55,7.52,RU,2020-08-25 03:44:59
242,Mecca,21.43,39.83,88.02,28,58,8.25,SA,2020-08-25 03:44:01
243,Deputatskiy,69.3,139.9,36.54,78,98,8.08,RU,2020-08-25 03:44:59
244,Poum,-20.23,164.02,71.37,77,92,15.21,NC,2020-08-25 03:44:59
245,Tsumeb,-19.23,17.72,59.07,34,0,8.72,NA,2020-08-25 03:44:59
246,Saldanha,-33.01,17.94,44.6,87,2,2.24,ZA,2020-08-25 03:44:59
247,Souillac,-20.52,57.52,69.8,73,75,11.41,MU,2020-08-25 03:44:59
248,Samarai,-10.62,150.67,78.84,85,96,14.67,PG,2020-08-25 03:44:59
249,Baruun-Urt,46.68,113.28,69.12,44,20,7.02,MN,2020-08-25 03:44:59
250,Clyde River,70.47,-68.59,39.25,90,88,6.13,CA,2020-08-25 03:44:59
251,Torbay,47.67,-52.73,55.0,93,5,8.05,CA,2020-08-25 03:44:59
252,Ribeira Brava,32.65,-17.07,71.6,73,20,16.11,PT,2020-08-25 03:44:59
253,Bria,6.54,21.99,68.79,95,100,2.19,CF,2020-08-25 03:44:59
254,Lima,-12.04,-77.03,60.8,87,90,11.41,PE,2020-08-25 03:43:36
255,Berlevag,70.86,29.09,50.0,81,75,13.87,NO,2020-08-25 03:44:59
256,Aflao,6.12,1.19,73.4,94,20,6.93,TG,2020-08-25 03:44:59
257,Belmonte,-15.86,-38.88,62.6,82,43,6.93,BR,2020-08-25 03:44:59
258,Saint-Philippe,-21.36,55.77,71.6,56,41,5.82,RE,2020-08-25 03:44:59
259,Yanam,16.73,82.22,82.4,83,75,9.17,IN,2020-08-25 03:44:16
260,Puerto Escondido,15.85,-97.07,75.2,78,90,6.22,MX,2020-08-25 03:44:27
261,Atasu,48.68,71.64,62.49,61,70,15.73,KZ,2020-08-25 03:45:00
262,Yar-Sale,66.83,70.83,56.93,71,62,4.27,RU,2020-08-25 03:45:00
263,College,64.86,-147.8,62.6,63,75,5.82,US,2020-08-25 03:42:16
264,Warwick,41.7,-71.42,73.99,94,1,5.64,US,2020-08-25 03:40:50
265,Iglino,54.83,56.41,59.0,87,40,13.42,RU,2020-08-25 03:45:00
266,Ypsonas,34.69,32.96,75.2,64,0,3.36,CY,2020-08-25 03:45:00
267,Yerbogachen,61.28,108.01,63.59,42,2,10.83,RU,2020-08-25 03:45:00
268,Xai-Xai,-25.05,33.64,63.77,73,0,8.12,MZ,2020-08-25 03:45:00
269,Gidam,18.98,81.4,84.16,67,85,5.84,IN,2020-08-25 03:45:00
270,Cairns,-16.92,145.77,80.01,54,40,18.34,AU,2020-08-25 03:42:37
271,Moose Factory,51.26,-80.61,51.8,93,90,8.05,CA,2020-08-25 03:45:00
272,Langsa,4.47,97.97,86.72,64,60,3.8,ID,2020-08-25 03:45:00
273,Quebo,11.33,-14.93,75.07,94,100,4.27,GW,2020-08-25 03:45:00
274,Sola,-13.88,167.55,87.8,79,75,6.93,VU,2020-08-25 03:45:00
275,Saint-Augustin,51.23,-58.65,53.74,90,0,4.94,CA,2020-08-25 03:45:00
276,Agadir,30.42,-9.6,89.6,27,20,8.05,MA,2020-08-25 03:45:00
277,Giresun,40.5,38.5,64.4,100,40,1.12,TR,2020-08-25 03:45:00
278,Ulaangom,49.98,92.07,63.28,52,58,5.57,MN,2020-08-25 03:45:00
279,Kiruna,67.86,20.23,41.0,100,84,4.7,SE,2020-08-25 03:45:00
280,Emmett,43.87,-116.5,78.01,38,0,7.61,US,2020-08-25 03:45:00
281,Ambon,-3.7,128.18,80.19,79,29,18.34,ID,2020-08-25 03:45:00
282,Price,39.6,-110.81,84.2,20,1,3.36,US,2020-08-25 03:44:38
283,Padang,-0.95,100.35,86.99,59,56,3.76,ID,2020-08-25 03:44:06
284,Gat,31.61,34.76,75.99,38,0,3.0,IL,2020-08-25 03:45:00
285,Oranjemund,-28.55,16.43,49.41,92,0,0.87,NA,2020-08-25 03:45:00
286,Sicuani,-14.27,-71.23,44.38,61,0,3.89,PE,2020-08-25 03:45:00
287,Kutum,14.2,24.67,71.53,75,99,5.46,SD,2020-08-25 03:45:01
288,Winnemucca,40.97,-117.74,71.6,60,40,9.17,US,2020-08-25 03:45:01
289,Kasongo-Lunda,-6.47,16.82,73.81,77,22,1.66,CD,2020-08-25 03:45:01
290,Eregli,37.51,34.05,59.25,34,0,1.14,TR,2020-08-25 03:45:01
291,Waipawa,-41.41,175.52,57.2,67,38,14.99,NZ,2020-08-25 03:45:01
292,Centralia,46.72,-122.95,66.2,68,1,3.36,US,2020-08-25 03:45:01
293,Saeby,57.33,10.52,51.01,84,3,13.0,DK,2020-08-25 03:45:01
294,Rivera,-30.91,-55.55,58.53,83,100,10.27,UY,2020-08-25 03:45:01
295,San Patricio,19.22,-104.7,79.59,86,27,3.18,MX,2020-08-25 03:45:01
296,Beidao,34.57,105.89,80.04,46,0,0.83,CN,2020-08-25 03:45:01
297,Matay,28.42,30.78,75.56,47,0,7.78,EG,2020-08-25 03:45:01
298,Sumbe,-11.21,13.84,68.56,89,49,2.1,AO,2020-08-25 03:45:02
299,Manicore,-5.81,-61.3,75.27,48,10,1.14,BR,2020-08-25 03:45:02
300,Bontang,0.13,117.5,83.88,68,22,4.72,ID,2020-08-25 03:45:02
301,Chama,47.18,8.46,55.0,87,51,2.26,CH,2020-08-25 03:45:02
302,Ahuimanu,21.44,-157.84,86.0,65,20,11.41,US,2020-08-25 03:45:02
303,Gainesville,29.65,-82.32,81.0,94,1,6.93,US,2020-08-25 03:45:02
304,Tommot,58.96,126.29,59.32,47,96,9.01,RU,2020-08-25 03:45:02
305,Mayor Pablo Lagerenza,-19.93,-60.77,80.42,39,0,12.64,PY,2020-08-25 03:45:02
306,Papetoai,-17.5,-149.87,82.4,65,20,9.17,PF,2020-08-25 03:45:02
307,Saint-Georges,12.06,-61.75,82.4,83,20,11.41,GD,2020-08-25 03:45:02
308,Awjilah,29.11,21.29,73.44,59,0,5.91,LY,2020-08-25 03:45:02
309,Kahului,20.89,-156.47,87.8,52,40,21.92,US,2020-08-25 03:45:02
310,Jurado,7.11,-77.76,76.82,88,99,3.6,CO,2020-08-25 03:45:03
311,Santa Ana,33.75,-117.87,79.0,69,20,5.82,US,2020-08-25 03:42:55
312,Cockburn Town,21.46,-71.14,83.07,76,0,16.6,TC,2020-08-25 03:41:26
313,Rocha,-34.48,-54.33,56.61,83,65,13.38,UY,2020-08-25 03:45:03
314,Matara,5.95,80.54,85.44,67,12,8.14,LK,2020-08-25 03:45:03
315,Khasan,42.43,130.64,73.94,86,100,5.93,RU,2020-08-25 03:45:03
316,Lagoa,39.05,-27.98,73.81,90,46,18.84,PT,2020-08-25 03:45:03
317,Dudinka,69.41,86.18,62.6,77,40,11.18,RU,2020-08-25 03:45:03
318,Vestmannaeyjar,63.44,-20.27,50.0,81,40,3.36,IS,2020-08-25 03:45:03
319,Hobyo,5.35,48.53,77.22,75,77,21.97,SO,2020-08-25 03:45:03
320,Blackwater,-23.58,148.88,74.28,23,0,6.17,AU,2020-08-25 03:45:03
321,Chaman,30.92,66.45,85.86,40,0,8.57,PK,2020-08-25 03:45:03
322,Mehamn,71.04,27.85,50.0,81,75,13.87,NO,2020-08-25 03:45:03
323,Lincoln,40.8,-96.67,78.01,69,1,8.05,US,2020-08-25 03:40:57
324,Fonte Boa,-2.5,-66.27,73.45,63,6,1.21,BR,2020-08-25 03:45:03
325,Marzuq,14.4,46.47,80.56,55,86,9.24,YE,2020-08-25 03:45:03
326,Krasnoselkup,65.7,82.47,63.12,59,6,4.72,RU,2020-08-25 03:45:03
327,Dubti,11.74,41.09,83.48,63,92,18.68,ET,2020-08-25 03:45:03
328,Bilibino,68.05,166.44,40.68,88,100,4.38,RU,2020-08-25 03:45:04
329,Bukama,-9.2,25.85,64.99,58,19,2.89,CD,2020-08-25 03:45:04
330,Katima Mulilo,-17.5,24.27,62.6,45,0,3.36,NA,2020-08-25 03:45:04
331,Muros,42.78,-9.06,55.99,89,8,1.01,ES,2020-08-25 03:45:04
332,Sawtell,-30.38,153.1,64.4,48,34,10.29,AU,2020-08-25 03:45:04
333,Goderich,43.75,-81.72,79.0,85,64,6.15,CA,2020-08-25 03:45:04
334,Hervey Bay,-25.3,152.85,75.0,25,0,5.82,AU,2020-08-25 03:45:04
335,Kysyl-Syr,63.9,122.76,60.67,33,0,5.19,RU,2020-08-25 03:45:04
336,Trelew,-43.25,-65.31,44.26,77,1,19.95,AR,2020-08-25 03:45:04
337,Kadoma,34.73,135.58,100.0,52,20,8.05,JP,2020-08-25 03:45:04
338,Jiangyou,31.77,104.72,82.85,62,0,4.72,CN,2020-08-25 03:45:04
339,Chancay,-11.57,-77.27,60.8,87,90,11.41,PE,2020-08-25 03:45:04
340,Wawa,9.9,4.42,70.11,96,100,3.36,NG,2020-08-25 03:45:04
341,Kuytun,54.34,101.5,64.76,64,27,6.08,RU,2020-08-25 03:45:04
342,Nhulunbuy,-12.23,136.77,86.0,35,95,14.99,AU,2020-08-25 03:45:04
343,Webuye,0.61,34.77,55.4,93,75,4.65,KE,2020-08-25 03:45:04
344,Arroyo,41.61,-4.8,59.0,54,5,1.54,ES,2020-08-25 03:45:04
345,Codrington,-38.27,141.97,53.96,72,76,9.84,AU,2020-08-25 03:45:04
346,Sinegorskiy,48.01,40.84,65.79,41,0,4.29,RU,2020-08-25 03:45:05
347,Otane,-39.88,176.63,48.79,93,100,8.59,NZ,2020-08-25 03:45:05
348,Mnogovershinnyy,53.94,139.92,56.28,95,100,6.64,RU,2020-08-25 03:45:05
349,Sinjar,36.32,41.88,79.97,18,0,4.9,IQ,2020-08-25 03:45:05
350,Traverse City,44.76,-85.62,78.8,78,90,8.05,US,2020-08-25 03:44:47
351,Dingle,11.0,122.67,88.25,70,77,9.71,PH,2020-08-25 03:45:05
352,Zalantun,48.0,122.72,79.65,45,1,9.6,CN,2020-08-25 03:45:05
353,Praia,14.92,-23.51,78.8,83,40,3.36,CV,2020-08-25 03:45:05
354,Hambantota,6.12,81.12,86.0,74,20,6.93,LK,2020-08-25 03:45:05
355,Palmer,42.16,-72.33,73.99,83,75,3.36,US,2020-08-25 03:45:05
356,Takoradi,4.88,-1.76,72.68,89,100,7.81,GH,2020-08-25 03:45:05
357,San Buenaventura,27.08,-101.53,82.99,50,0,1.99,MX,2020-08-25 03:45:05
358,Bathsheba,13.22,-59.52,82.4,78,40,12.75,BB,2020-08-25 03:45:05
359,Coos Bay,43.37,-124.22,62.01,77,1,21.92,US,2020-08-25 03:45:05
360,Guerrero Negro,27.98,-114.06,73.56,80,0,18.5,MX,2020-08-25 03:45:05
361,Linguere,15.4,-15.12,80.8,77,83,7.16,SN,2020-08-25 03:45:05
362,Berdigestyakh,62.1,126.7,58.32,34,0,6.17,RU,2020-08-25 03:45:05
363,Matamoros,25.53,-103.25,80.01,44,1,5.01,MX,2020-08-25 03:45:05
364,Uruzgan,32.83,66.0,82.96,15,0,0.94,AF,2020-08-25 03:45:05
365,Boromo,11.75,-2.93,72.01,94,100,12.28,BF,2020-08-25 03:45:06
366,Byron Bay,-28.65,153.62,71.01,48,75,9.17,AU,2020-08-25 03:41:37
367,Atambua,-9.11,124.89,84.97,33,0,5.53,ID,2020-08-25 03:45:06
368,Grindavik,63.84,-22.43,42.8,100,20,5.82,IS,2020-08-25 03:45:06
369,Yulara,-25.24,130.99,84.2,14,0,8.05,AU,2020-08-25 03:45:06
370,Promyshlennyy,67.58,63.92,56.44,61,0,5.82,RU,2020-08-25 03:45:06
371,Senador Pompeu,-5.59,-39.37,70.86,81,5,5.7,BR,2020-08-25 03:45:06
372,Sivaki,52.63,126.75,62.51,93,98,8.7,RU,2020-08-25 03:45:06
373,Port Moresby,-9.44,147.18,84.2,74,75,13.87,PG,2020-08-25 03:45:06
374,Elko,41.0,-115.5,75.2,36,1,3.36,US,2020-08-25 03:45:06
375,Shebalino,51.29,85.68,50.23,88,100,2.51,RU,2020-08-25 03:45:06
376,North Bend,43.41,-124.22,62.01,77,1,21.92,US,2020-08-25 03:45:06
377,Roald,62.58,6.13,50.0,81,100,14.99,NO,2020-08-25 03:45:06
378,Odoyev,53.94,36.69,60.71,94,88,4.76,RU,2020-08-25 03:45:06
379,Lompoc,34.64,-120.46,64.99,88,1,8.05,US,2020-08-25 03:44:28
380,Bengkulu,-3.8,102.27,88.14,47,96,6.02,ID,2020-08-25 03:45:06
381,Nahrin,36.06,69.13,78.24,27,0,6.26,AF,2020-08-25 03:45:06
382,Nemuro,43.32,145.57,68.0,88,75,4.7,JP,2020-08-25 03:40:12
383,Aykhal,66.0,111.5,59.0,33,51,4.47,RU,2020-08-25 03:45:06
384,Sept-Iles,50.2,-66.38,57.0,71,75,2.24,CA,2020-08-25 03:41:41
385,Katsuura,35.13,140.3,89.01,70,20,10.29,JP,2020-08-25 03:45:06
386,Norman,35.22,-97.44,82.4,48,1,5.82,US,2020-08-25 03:45:06
387,Hovd,48.01,91.64,68.74,35,25,3.62,MN,2020-08-25 03:45:07
388,Visby,57.64,18.3,60.01,62,53,9.17,SE,2020-08-25 03:45:07
389,San Juan,-31.54,-68.54,56.93,35,0,9.06,AR,2020-08-25 03:42:36
390,Sangin,32.07,64.84,92.19,19,0,5.97,AF,2020-08-25 03:45:07
391,Lander,42.83,-108.73,82.4,19,1,13.87,US,2020-08-25 03:45:07
392,Nyimba,-14.56,30.81,62.24,61,9,3.02,ZM,2020-08-25 03:45:07
393,Rongcheng,30.63,117.85,91.0,90,27,6.82,CN,2020-08-25 03:45:07
394,Strathmore,51.05,-113.39,60.8,67,75,18.34,CA,2020-08-25 03:45:07
395,Svetlogorsk,52.63,29.73,59.59,85,99,2.33,BY,2020-08-25 03:45:07
396,Robertsport,6.75,-11.37,77.0,83,99,13.76,LR,2020-08-25 03:45:07
397,Hasaki,35.73,140.83,89.01,69,75,9.17,JP,2020-08-25 03:45:07
398,Camana,-16.62,-72.71,59.76,83,88,8.93,PE,2020-08-25 03:45:07
399,Port-Cartier,50.03,-66.87,57.0,71,75,2.24,CA,2020-08-25 03:45:07
400,Preobrazheniye,42.9,133.91,69.84,95,100,6.4,RU,2020-08-25 03:45:07
401,Hay River,60.82,-115.8,57.2,82,75,6.93,CA,2020-08-25 03:45:07
402,Whitianga,-36.83,175.7,57.99,84,34,11.01,NZ,2020-08-25 03:45:07
403,Kieta,-6.22,155.63,84.04,67,1,3.09,PG,2020-08-25 03:45:07
404,Faanui,-16.48,-151.75,77.45,81,7,17.13,PF,2020-08-25 03:45:07
405,Yaan,7.38,8.57,68.05,96,99,2.17,NG,2020-08-25 03:45:07
406,Louis Trichardt,-23.04,29.9,57.58,36,0,1.72,ZA,2020-08-25 03:45:07
407,Grand Baie,-20.02,57.58,70.0,79,53,4.0,MU,2020-08-25 03:45:07
408,Talnakh,69.49,88.4,62.6,77,40,11.18,RU,2020-08-25 03:45:07
409,Shetpe,44.17,52.12,67.1,61,0,4.12,KZ,2020-08-25 03:45:07
410,Tarakan,3.3,117.63,82.8,72,2,2.33,ID,2020-08-25 03:45:07
411,Erenhot,43.65,111.98,79.92,24,0,10.09,CN,2020-08-25 03:45:07
412,Piacabucu,-10.41,-36.43,72.0,79,9,3.83,BR,2020-08-25 03:45:08
413,Grand-Santi,4.25,-54.38,72.01,97,14,2.17,GF,2020-08-25 03:45:08
414,Porto Novo,6.5,2.6,75.2,94,40,8.05,BJ,2020-08-25 03:43:09
415,Concepcion,-36.83,-73.05,53.6,87,75,26.4,CL,2020-08-25 03:45:08
416,Key Biscayne,25.69,-80.16,86.0,79,75,14.99,US,2020-08-25 03:43:29
417,Hamilton,39.18,-84.53,78.01,78,20,5.82,US,2020-08-25 03:44:37
418,Te Anau,-45.42,167.72,41.94,69,54,6.38,NZ,2020-08-25 03:45:08
419,Alice Springs,-23.7,133.88,84.2,11,0,10.29,AU,2020-08-25 03:45:08
420,Walvis Bay,-22.96,14.51,55.0,93,20,4.7,NA,2020-08-25 03:45:08
421,Montana,43.41,23.23,68.07,72,53,3.06,BG,2020-08-25 03:45:08
422,Vardo,70.37,31.11,46.4,87,75,5.82,NO,2020-08-25 03:42:12
423,Huarmey,-10.07,-78.15,60.08,84,13,8.77,PE,2020-08-25 03:45:08
424,Ankazobe,-18.32,47.12,57.2,87,75,5.82,MG,2020-08-25 03:45:08
425,Ballina,-28.87,153.57,72.0,48,75,9.17,AU,2020-08-25 03:45:08
426,Kirakira,-10.45,161.92,84.99,69,14,7.09,SB,2020-08-25 03:45:08
427,Goure,13.98,10.27,77.0,86,7,3.0,NE,2020-08-25 03:45:08
428,Pahrump,36.21,-115.98,95.0,19,0,1.99,US,2020-08-25 03:45:08
429,Sao Filipe,14.9,-24.5,77.54,82,32,1.66,CV,2020-08-25 03:45:08
430,Manono,-7.3,27.42,69.49,71,22,0.83,CD,2020-08-25 03:45:08
431,Xique-Xique,-10.82,-42.73,73.35,68,10,18.54,BR,2020-08-25 03:45:08
432,Baykit,61.67,96.37,63.79,50,60,7.83,RU,2020-08-25 03:45:08
433,Antalaha,-14.9,50.28,71.2,82,77,5.48,MG,2020-08-25 03:45:08
434,Champerico,14.3,-91.92,70.0,96,100,10.85,GT,2020-08-25 03:45:09
435,Russell,32.35,-85.2,77.0,88,90,8.05,US,2020-08-25 03:45:09
436,Chiredzi,-21.05,31.67,63.84,51,0,4.32,ZW,2020-08-25 03:41:23
437,Jacqueville,5.21,-4.41,73.4,100,20,5.82,CI,2020-08-25 03:45:09
438,Milkovo,54.72,158.62,62.51,44,13,4.79,RU,2020-08-25 03:45:09
439,Humaita,-7.51,-63.02,73.72,46,0,0.25,BR,2020-08-25 03:45:09
440,Bunia,1.57,30.25,61.93,88,96,1.68,CD,2020-08-25 03:45:09
441,Laramie,41.31,-105.59,71.6,35,75,23.04,US,2020-08-25 03:45:09
442,Bay Roberts,47.6,-53.26,55.0,100,0,3.74,CA,2020-08-25 03:45:09
443,Juye,35.39,116.09,83.17,70,91,8.34,CN,2020-08-25 03:45:09
444,Kulhudhuffushi,6.62,73.07,82.94,73,50,11.81,MV,2020-08-25 03:45:09
445,Vanimo,-2.67,141.3,86.18,59,82,8.39,PG,2020-08-25 03:45:09
446,Burgos,42.34,-3.71,51.8,76,17,3.83,ES,2020-08-25 03:45:09
447,Stokmarknes,68.56,14.91,46.4,87,75,4.7,NO,2020-08-25 03:45:09
448,Yatou,37.15,122.38,79.11,88,82,5.79,CN,2020-08-25 03:45:09
449,Rantepao,-2.97,119.9,82.47,50,4,5.77,ID,2020-08-25 03:45:09
450,Toora-Khem,52.47,96.11,62.31,45,78,4.09,RU,2020-08-25 03:45:09
451,Wad Rawah,15.16,33.14,80.62,60,95,15.19,SD,2020-08-25 03:45:09
452,Port Macquarie,-31.43,152.92,64.0,58,26,1.01,AU,2020-08-25 03:45:09
453,Pyapon,16.28,95.68,86.23,70,100,9.55,MM,2020-08-25 03:45:09
454,Ixtapa,20.7,-105.2,84.2,74,90,4.7,MX,2020-08-25 03:45:09
455,Palembang,-2.92,104.75,86.0,66,75,12.75,ID,2020-08-25 03:45:10
456,Thinadhoo,0.53,72.93,83.61,68,58,5.64,MV,2020-08-25 03:45:10
457,Katobu,-4.94,122.53,87.82,48,45,8.81,ID,2020-08-25 03:45:10
458,Anloga,5.79,0.9,73.4,94,20,6.93,GH,2020-08-25 03:45:10
459,Alofi,-19.06,-169.92,80.6,65,75,10.29,NU,2020-08-25 03:45:10
460,Tongren,27.72,109.19,81.54,73,91,6.98,CN,2020-08-25 03:45:10
461,Arvin,35.21,-118.83,91.99,41,0,1.16,US,2020-08-25 03:45:10
462,Haimen,23.19,116.61,91.4,66,20,6.71,CN,2020-08-25 03:45:10
463,Havoysund,71.0,24.66,46.4,100,75,21.92,NO,2020-08-25 03:45:10
464,Boa Vista,2.82,-60.67,80.6,74,40,3.36,BR,2020-08-25 03:45:10
465,Solnechnyy,50.72,136.63,56.32,95,100,2.68,RU,2020-08-25 03:45:10
466,Luderitz,-26.65,15.16,53.35,87,0,7.0,NA,2020-08-25 03:45:10
467,Cuamba,-14.8,36.54,63.34,75,74,2.59,MZ,2020-08-25 03:45:10
468,Jardim Do Serido,-6.58,-36.77,69.28,70,0,5.86,BR,2020-08-25 03:45:10
469,Bubaque,11.28,-15.83,80.37,82,84,15.37,GW,2020-08-25 03:45:10
470,Saint-Leu,-21.15,55.28,71.6,56,0,5.82,RE,2020-08-25 03:45:10
471,Brainerd,46.36,-94.2,66.2,88,1,5.86,US,2020-08-25 03:44:46
472,Viedma,-40.81,-63.0,46.99,92,69,3.0,AR,2020-08-25 03:42:23
473,Nynashamn,58.9,17.95,50.0,87,5,5.82,SE,2020-08-25 03:45:10
474,Bazarnyye Mataki,54.88,49.93,63.05,75,30,10.25,RU,2020-08-25 03:45:10
475,Meulaboh,4.14,96.13,87.46,62,0,1.7,ID,2020-08-25 03:45:10
476,Harper,4.38,-7.72,74.75,83,88,8.66,LR,2020-08-25 03:45:10
477,Nerchinskiy Zavod,51.31,119.61,62.35,71,96,8.52,RU,2020-08-25 03:45:10
478,San Carlos De Bariloche,-41.15,-71.31,39.2,86,90,4.7,AR,2020-08-25 03:45:10
479,Tucuman,-26.82,-65.22,59.0,47,92,10.29,AR,2020-08-25 03:43:55
480,Sheridan,44.83,-106.92,78.01,41,1,4.7,US,2020-08-25 03:45:11
481,Amalapuram,16.58,82.02,82.4,83,75,9.17,IN,2020-08-25 03:45:11
482,Wamba,8.93,8.6,67.8,93,97,2.71,NG,2020-08-25 03:41:40
483,Valday,57.97,33.25,54.1,96,30,5.75,RU,2020-08-25 03:45:11
484,Terrace,54.52,-128.6,59.0,77,75,11.41,CA,2020-08-25 03:45:11
485,Prado,-17.34,-39.22,62.22,87,0,7.99,BR,2020-08-25 03:45:11
486,Rorvik,64.86,11.24,54.84,79,96,34.23,NO,2020-08-25 03:45:11
487,Ekibastuz,51.67,75.37,63.84,53,81,15.23,KZ,2020-08-25 03:45:11
488,Barbacoas,1.67,-78.14,72.88,89,100,2.01,CO,2020-08-25 03:45:11
489,Pedro Juan Caballero,-22.55,-55.73,62.78,87,0,14.0,PY,2020-08-25 03:45:11
490,Pilar,-9.6,-35.96,66.2,93,0,4.7,BR,2020-08-25 03:45:11
491,Aloleng,16.13,119.78,85.57,75,100,13.31,PH,2020-08-25 03:45:11
492,Buraydah,26.33,43.98,82.4,42,5,2.24,SA,2020-08-25 03:45:11
493,San-Pedro,4.75,-6.64,74.52,87,100,5.5,CI,2020-08-25 03:45:11
494,Bytosh,53.82,34.09,62.6,93,90,2.24,RU,2020-08-25 03:45:11
495,Iquique,-20.22,-70.14,60.8,82,90,10.29,CL,2020-08-25 03:45:11
496,Beloha,-25.17,45.05,65.28,89,0,3.15,MG,2020-08-25 03:45:11
497,Nurota,40.56,65.69,71.6,49,83,4.7,UZ,2020-08-25 03:45:11
498,Chicama,-7.84,-79.15,58.89,87,13,5.08,PE,2020-08-25 03:45:11
499,Oxapampa,-10.58,-75.4,56.98,87,50,1.99,PE,2020-08-25 03:45:11
500,Port-Gentil,-0.72,8.78,75.94,78,100,9.24,GA,2020-08-25 03:45:12
501,Constitucion,-35.33,-72.42,51.67,86,71,21.41,CL,2020-08-25 03:45:12
502,Male,4.17,73.51,86.0,74,40,5.82,MV,2020-08-25 03:41:56
503,Coihaique,-45.58,-72.07,32.0,95,100,3.85,CL,2020-08-25 03:45:12
504,Ajdabiya,30.76,20.23,71.47,65,0,5.82,LY,2020-08-25 03:45:12
505,Diveyevo,55.04,43.24,62.91,94,96,7.61,RU,2020-08-25 03:45:12
506,Alekseyevsk,57.84,108.35,73.36,34,0,6.51,RU,2020-08-25 03:45:12
507,Teeswater,44.0,-81.29,75.99,86,93,4.65,CA,2020-08-25 03:45:12
508,Pangkalanbuun,-2.68,111.62,85.17,72,6,5.17,ID,2020-08-25 03:45:12
509,Inyonga,-6.72,32.07,57.85,73,94,3.58,TZ,2020-08-25 03:45:12
510,Larsnes,62.2,5.58,50.0,91,100,13.0,NO,2020-08-25 03:45:12
511,Camacupa,-12.02,17.48,55.89,48,72,2.53,AO,2020-08-25 03:45:12
512,Bhag,29.04,67.82,99.32,39,99,12.57,PK,2020-08-25 03:45:12
513,Pedra Azul,-16.01,-41.3,53.56,86,0,2.77,BR,2020-08-25 03:45:12
514,Leh,34.17,77.58,68.61,29,8,4.65,IN,2020-08-25 03:42:54
515,Waingapu,-9.66,120.26,86.29,42,0,18.52,ID,2020-08-25 03:45:12
516,El Alto,-4.27,-81.21,59.14,87,2,17.92,PE,2020-08-25 03:45:12
517,Beckley,37.78,-81.19,69.8,88,1,4.7,US,2020-08-25 03:40:32
518,Karratha,-20.74,116.85,90.81,20,0,6.87,AU,2020-08-25 03:45:12
519,Adrar,20.5,-10.07,90.93,35,0,18.03,MR,2020-08-25 03:45:12
520,Jadu,31.95,12.03,64.42,66,0,2.3,LY,2020-08-25 03:45:12
521,Punta Alta,-38.88,-62.07,57.33,82,64,8.46,AR,2020-08-25 03:45:12
522,Bandarbeyla,9.49,50.81,77.7,67,83,27.92,SO,2020-08-25 03:45:12
523,Pozo Colorado,-23.49,-58.8,72.43,65,0,8.46,PY,2020-08-25 03:45:12
524,Merauke,-8.47,140.33,81.61,63,63,20.11,ID,2020-08-25 03:45:13
525,Canutama,-6.53,-64.38,72.1,55,68,0.49,BR,2020-08-25 03:45:13
526,Mustafabad,30.89,73.5,92.16,52,0,9.82,PK,2020-08-25 03:45:13
527,Celestun,20.87,-90.4,81.36,86,41,6.33,MX,2020-08-25 03:45:13
528,Tokur,53.13,132.9,52.07,97,100,4.05,RU,2020-08-25 03:45:13
529,Utete,-7.99,38.76,69.12,92,68,1.12,TZ,2020-08-25 03:45:13
530,Zhigalovo,54.81,105.16,72.25,46,7,3.13,RU,2020-08-25 03:45:13
531,Dalmau,26.07,81.03,86.7,67,10,9.28,IN,2020-08-25 03:45:13
532,Kabanjahe,3.1,98.49,84.2,79,40,2.24,ID,2020-08-25 03:42:07
533,Arona,28.1,-16.68,80.6,39,0,16.11,ES,2020-08-25 03:45:13
534,Goya,-29.14,-59.26,75.38,55,100,11.9,AR,2020-08-25 03:45:13
535,Kita,13.03,-9.49,70.77,95,13,4.56,ML,2020-08-25 03:45:13
536,Itatiba,-23.01,-46.84,55.4,71,0,16.11,BR,2020-08-25 03:45:13
537,Sarahan,31.52,77.8,71.44,67,36,4.59,IN,2020-08-25 03:45:13
538,Abha,18.22,42.51,69.8,60,27,10.25,SA,2020-08-25 03:45:13
539,Nortelandia,-14.45,-56.8,82.27,30,81,3.85,BR,2020-08-25 03:45:13
540,Shimoda,34.67,138.95,84.2,70,20,12.75,JP,2020-08-25 03:45:13
541,Sidoarjo,-7.45,112.72,88.2,41,0,9.86,ID,2020-08-25 03:45:13
542,Nanyamba,-10.68,39.83,64.74,98,92,3.11,TZ,2020-08-25 03:45:13
543,Boffa,10.17,-14.03,75.51,92,100,4.63,GN,2020-08-25 03:45:13
544,Buy,58.48,41.53,58.39,89,2,7.36,RU,2020-08-25 03:45:13
545,Palmerston,-12.49,130.98,91.4,9,0,19.46,AU,2020-08-25 03:45:13
546,Sosnovo,60.55,30.21,55.99,84,84,5.37,RU,2020-08-25 03:45:13
547,Lavrentiya,65.58,-171.0,49.3,86,92,4.5,RU,2020-08-25 03:45:13
548,Dalbandin,28.89,64.41,88.66,45,1,7.56,PK,2020-08-25 03:45:14
549,Henties Bay,-22.12,14.28,55.0,90,57,3.0,NA,2020-08-25 03:45:14
550,Ternate,0.8,127.4,82.76,75,23,7.92,ID,2020-08-25 03:45:14
551,Santa Maria,-29.68,-53.81,59.0,82,80,3.36,BR,2020-08-25 03:45:14
552,Dutlwe,-23.98,23.9,56.62,38,0,9.8,BW,2020-08-25 03:45:14
553,Killybegs,54.63,-8.45,55.99,94,100,17.0,IE,2020-08-25 03:45:14
554,Maturin,9.75,-63.18,73.42,94,64,3.96,VE,2020-08-25 03:45:05
555,Port Lincoln,-34.73,135.87,55.87,62,31,11.3,AU,2020-08-25 03:42:03
556,Puerto Leguizamo,-0.19,-74.78,71.1,83,4,0.89,CO,2020-08-25 03:45:14
557,Carlyle,38.61,-89.37,79.0,81,0,4.63,US,2020-08-25 03:45:14
558,Gravdal,68.12,13.5,44.6,93,75,6.93,NO,2020-08-25 03:45:14
559,Ozernovskiy,51.5,156.52,55.26,66,29,5.03,RU,2020-08-25 03:45:14
560,Vila,42.03,-8.16,55.0,86,0,1.99,PT,2020-08-25 03:45:14
561,Stromness,58.97,-3.3,44.6,100,8,1.12,GB,2020-08-25 03:45:14
562,Sitka,57.05,-135.33,55.4,82,90,10.29,US,2020-08-25 03:45:14
563,Gemena,3.25,19.77,69.51,98,100,2.3,CD,2020-08-25 03:45:14
